{
  "state": {
    "isStdOutTTY": true,
    "isStdErrTTY": true,
    "testRunDurationMs": 302526.138242
  },
  "metrics": {
    "http_req_duration": {
      "type": "trend",
      "contains": "time",
      "values": {
        "p(90)": 3570.4985561000008,
        "p(95)": 4583.993769550002,
        "avg": 1040.2564067353605,
        "min": 228.533247,
        "med": 241.532871,
        "max": 60000.786397
      },
      "thresholds": {
        "p(95)<500": {
          "ok": false
        }
      }
    },
    "movie_save_duration": {
      "type": "trend",
      "contains": "default",
      "values": {
        "avg": 1259.5735756728416,
        "min": 232,
        "med": 244,
        "max": 60000,
        "p(90)": 4204.8,
        "p(95)": 4890
      },
      "thresholds": {
        "p(95)<500": {
          "ok": false
        }
      }
    },
    "http_req_sending": {
      "type": "trend",
      "contains": "time",
      "values": {
        "max": 0.430762,
        "p(90)": 0.011762,
        "p(95)": 0.014557,
        "avg": 0.009365212387523773,
        "min": 0.004178,
        "med": 0.008696
      }
    },
    "http_reqs": {
      "values": {
        "count": 42898,
        "rate": 141.79931773592588
      },
      "type": "counter",
      "contains": "default"
    },
    "iterations": {
      "type": "counter",
      "contains": "default",
      "values": {
        "count": 8585,
        "rate": 28.377713244508456
      }
    },
    "http_req_connecting": {
      "type": "trend",
      "contains": "time",
      "values": {
        "max": 242.747563,
        "p(90)": 0,
        "p(95)": 0,
        "avg": 2.792682251736678,
        "min": 0,
        "med": 0
      }
    },
    "data_received": {
      "type": "counter",
      "contains": "data",
      "values": {
        "count": 14126339,
        "rate": 46694.60656222672
      }
    },
    "http_req_failed": {
      "type": "rate",
      "contains": "default",
      "values": {
        "rate": 0.0009557555130775328,
        "passes": 41,
        "fails": 42857
      }
    },
    "movie_get_duration": {
      "values": {
        "min": 231,
        "med": 242,
        "max": 60001,
        "p(90)": 3556.6000000000004,
        "p(95)": 4557.199999999997,
        "avg": 1020.7655212580081
      },
      "thresholds": {
        "p(95)<300": {
          "ok": false
        }
      },
      "type": "trend",
      "contains": "default"
    },
    "vus": {
      "type": "gauge",
      "contains": "default",
      "values": {
        "value": 3,
        "min": 3,
        "max": 500
      }
    },
    "error_rate": {
      "type": "rate",
      "contains": "default",
      "values": {
        "passes": 37,
        "fails": 42857,
        "rate": 0.0008625915046393435
      },
      "thresholds": {
        "rate<0.05": {
          "ok": true
        }
      }
    },
    "http_req_tls_handshaking": {
      "type": "trend",
      "contains": "time",
      "values": {
        "avg": 0,
        "min": 0,
        "med": 0,
        "max": 0,
        "p(90)": 0,
        "p(95)": 0
      }
    },
    "vus_max": {
      "contains": "default",
      "values": {
        "value": 500,
        "min": 500,
        "max": 500
      },
      "type": "gauge"
    },
    "iteration_duration": {
      "contains": "time",
      "values": {
        "max": 70347.555311,
        "p(90)": 16206.393221000002,
        "p(95)": 18647.3705568,
        "avg": 7613.827117604514,
        "min": 3560.928103,
        "med": 3623.353171
      },
      "type": "trend"
    },
    "http_req_duration{expected_response:true}": {
      "type": "trend",
      "contains": "time",
      "values": {
        "p(95)": 4562.717181799998,
        "avg": 1032.24432964133,
        "min": 228.533247,
        "med": 241.528439,
        "max": 59744.567769,
        "p(90)": 3561.898602200001
      }
    },
    "http_req_blocked": {
      "type": "trend",
      "contains": "time",
      "values": {
        "max": 242.77216,
        "p(90)": 0.003367,
        "p(95)": 0.004208,
        "avg": 2.7958801166954492,
        "min": 0.001313,
        "med": 0.002645
      }
    },
    "http_req_receiving": {
      "values": {
        "min": 0,
        "med": 0.020839,
        "max": 2.101761,
        "p(90)": 0.028444,
        "p(95)": 0.031549150000000005,
        "avg": 0.021928084339596244
      },
      "type": "trend",
      "contains": "time"
    },
    "group_duration": {
      "type": "trend",
      "contains": "time",
      "values": {
        "avg": 1659.7525995309718,
        "min": 228.60433,
        "med": 243.844052,
        "max": 64832.098679,
        "p(90)": 4706.917052900002,
        "p(95)": 7741.407197699999
      }
    },
    "data_sent": {
      "values": {
        "count": 7937582,
        "rate": 26237.67336642655
      },
      "type": "counter",
      "contains": "data"
    },
    "http_req_waiting": {
      "type": "trend",
      "contains": "time",
      "values": {
        "avg": 1040.2251134386115,
        "min": 228.493712,
        "med": 241.50215,
        "max": 60000.774424,
        "p(90)": 3570.4692472000006,
        "p(95)": 4583.963627600002
      }
    },
    "checks": {
      "type": "rate",
      "contains": "default",
      "values": {
        "passes": 94316,
        "fails": 72,
        "rate": 0.9992371911683688
      }
    }
  },
  "root_group": {
    "name": "",
    "path": "",
    "id": "d41d8cd98f00b204e9800998ecf8427e",
    "groups": [
      {
        "name": "health check",
        "path": "::health check",
        "id": "5d36c8c1ddd560b8369476a127ca3a21",
        "groups": [],
        "checks": [
            {
              "name": "health status 200",
              "path": "::health check::health status 200",
              "id": "ca2cf265dc46e6a114e613a045e9f733",
              "passes": 8585,
              "fails": 0
            },
            {
              "fails": 0,
              "name": "health returns ok",
              "path": "::health check::health returns ok",
              "id": "fcbb282e446de11c0855b7fa7c98e8fd",
              "passes": 8585
            }
          ]
      },
      {
        "checks": [
          {
            "path": "::GET movies::get movies status 200",
            "id": "e31ecb84c099b91c6fd829debb940cd4",
            "passes": 8579,
            "fails": 6,
            "name": "get movies status 200"
          },
          {
            "fails": 6,
            "name": "get movies returns array",
            "path": "::GET movies::get movies returns array",
            "id": "90527af2bdcd1e499b1510322f6dc539",
            "passes": 8579
          }
        ],
        "name": "GET movies",
        "path": "::GET movies",
        "id": "8e268809b1788525ee684bbcae616e78",
        "groups": []
      },
      {
        "path": "::POST movie",
        "id": "3a25f0dd2633221172fd5693456df4b2",
        "groups": [
          {
            "checks": [
              {
                "path": "::POST movie::PATCH movie::patch movie status 200",
                "id": "7abaeb256217787b3aa698857712a257",
                "passes": 8558,
                "fails": 15,
                "name": "patch movie status 200"
              },
              {
                "id": "181a88c281f120756db7a0b4aef88f97",
                "passes": 8558,
                "fails": 15,
                "name": "patch movie updated",
                "path": "::POST movie::PATCH movie::patch movie updated"
              }
            ],
            "name": "PATCH movie",
            "path": "::POST movie::PATCH movie",
            "id": "50a213fccf7a761e7747fbb84074a7bc",
            "groups": []
          },
          {
            "path": "::POST movie::DELETE movie",
            "id": "956a1daf04879efb25c5d6f1b5031ad8",
            "groups": [],
            "checks": [
                {
                  "name": "delete movie status 200",
                  "path": "::POST movie::DELETE movie::delete movie status 200",